id,team_api_id,team_fifa_api_id,team_long_name,team_short_name,transfers_name,matched_team,match_score,country,league,logo_filename
1,9987,673.0,KRC Genk,GEN,KRC Genk,krc genk,100.0,Belgium,Jupiler Pro League,KRC Genk - Belgium - Jupiler Pro League.png
2,9993,675.0,Beerschot AC,BAC,Beerschot AC,beerhot v.a.,73.6842105263158,Belgium,Jupiler Pro League,Beerschot V.A. - Belgium - Jupiler Pro League.png
3,10000,15005.0,SV Zulte-Waregem,ZUL,Zulte Waregem,sv zulte waregem,96.7741935483871,Belgium,Jupiler Pro League,SV Zulte Waregem - Belgium - Jupiler Pro League.png
4,9994,2007.0,Sporting Lokeren,LOK,KSC Lokeren,sporting cp,66.66666666666667,Portugal,Liga Portugal,Sporting CP - Portugal - Liga Portugal.png
5,9984,1750.0,KSV Cercle Brugge,CEB,Club Brugge,club brugge,64.28571428571428,Belgium,Jupiler Pro League,Club Brugge - Belgium - Jupiler Pro League.png
6,8635,229.0,RSC Anderlecht,AND,RSC Anderlecht,r anderlecht,100.0,Belgium,Jupiler Pro League,RSC Anderlecht - Belgium - Jupiler Pro League.png
7,9991,674.0,KAA Gent,GEN,KAA Gent,krc genk,62.5,Belgium,Jupiler Pro League,KRC Genk - Belgium - Jupiler Pro League.png
8,9998,1747.0,RAEC Mons,MON,,as mono,62.5,France,Ligue 1,AS Monaco - France - Ligue 1.png
9,7947,,FCV Dender EH,DEN,,v dender eh,100.0,Belgium,Jupiler Pro League,FCV Dender EH - Belgium - Jupiler Pro League.png
10,9985,232.0,Standard de Liège,STL,Standard Liège,standard liege,90.32258064516128,Belgium,Jupiler Pro League,Standard Liège - Belgium - Jupiler Pro League.png
11,8203,110724.0,KV Mechelen,MEC,KV Mechelen,kv mechelen,100.0,Belgium,Jupiler Pro League,KV Mechelen - Belgium - Jupiler Pro League.png
12,8342,231.0,Club Brugge KV,CLB,Club Brugge,club brugge,88.0,Belgium,Jupiler Pro League,Club Brugge - Belgium - Jupiler Pro League.png
13,9999,546.0,KSV Roeselare,ROS,,kv mechelen,58.33333333333333,Belgium,Jupiler Pro League,KV Mechelen - Belgium - Jupiler Pro League.png
14,8571,100081.0,KV Kortrijk,KOR,,kv kortrijk,100.0,Belgium,Jupiler Pro League,KV Kortrijk - Belgium - Jupiler Pro League.png
15,4049,,Tubize,TUB,,vizela,50.0,Portugal,Liga Portugal,FC Vizela - Portugal - Liga Portugal.png
16,9996,111560.0,Royal Excel Mouscron,MOU,Exc. Mouscron,royal antwerp,51.61290322580645,Belgium,Jupiler Pro League,Royal Antwerp - Belgium - Jupiler Pro League.png
17,10001,681.0,KVC Westerlo,WES,KVC Westerlo,kvc westerlo,100.0,Belgium,Jupiler Pro League,KVC Westerlo - Belgium - Jupiler Pro League.png
18,9986,670.0,Sporting Charleroi,CHA,RSC Charleroi,r charleroi,75.86206896551724,Belgium,Jupiler Pro League,R Charleroi SC - Belgium - Jupiler Pro League.png
614,9997,680.0,Sint-Truidense VV,STT,,sinttruidense vv,100.0,Belgium,Jupiler Pro League,Sint-Truidense VV - Belgium - Jupiler Pro League.png
1034,9989,239.0,Lierse SK,LIE,Lierse SK,lillestrm sk,66.66666666666667,Norway,Eliteserien,Lillestrøm SK - Norway - Eliteserien.png
1042,6351,2013.0,KAS Eupen,EUP,KAS Eupen,kas eupen,100.0,Belgium,Jupiler Pro League,KAS Eupen - Belgium - Jupiler Pro League.png
1513,1773,100087.0,Oud-Heverlee Leuven,O-H,,oudheverlee leuven,100.0,Belgium,Jupiler Pro League,Oud-Heverlee Leuven - Belgium - Jupiler Pro League.png
2004,8475,110913.0,Waasland-Beveren,WAA,,slovan liberec,55.172413793103445,Czech Republic,Chance Liga,Slovan Liberec - Czech Republic - Chance Liga.png
2476,8573,682.0,KV Oostende,OOS,KV Oostende,kv oostende,100.0,Belgium,Jupiler Pro League,KV Oostende - Belgium - Jupiler Pro League.png
2510,274581,111560.0,Royal Excel Mouscron,MOP,Exc. Mouscron,royal antwerp,51.61290322580645,Belgium,Jupiler Pro League,Royal Antwerp - Belgium - Jupiler Pro League.png
3457,10260,11.0,Manchester United,MUN,Man Utd,manchester united,100.0,England,Premier League,Manchester United - England - Premier League.png
3458,10261,13.0,Newcastle United,NEW,Newcastle,newcastle united,100.0,England,Premier League,Newcastle United - England - Premier League.png
3459,9825,1.0,Arsenal,ARS,Arsenal,arsenal,100.0,England,Premier League,Arsenal - England - Premier League.png
3460,8659,109.0,West Bromwich Albion,WBA,West Brom,brighton & hove albion,52.38095238095239,England,Premier League,Brighton & Hove Albion - England - Premier League.png
3461,8472,106.0,Sunderland,SUN,Sunderland,nordsjaelland,60.86956521739131,Denmark,Superliga,FC Nordsjaelland - Denmark - Superliga.png
3462,8650,9.0,Liverpool,LIV,Liverpool,liverpool,100.0,England,Premier League,Liverpool FC - England - Premier League.png
3463,8654,19.0,West Ham United,WHU,West Ham,west ham united,100.0,England,Premier League,West Ham United - England - Premier League.png
3464,8528,1917.0,Wigan Athletic,WIG,Wigan,athletic,72.72727272727273,Spain,LaLiga,Athletic - Spain - LaLiga.png
3465,10252,2.0,Aston Villa,AVL,Aston Villa,aston villa,100.0,England,Premier League,Aston Villa - England - Premier League.png
3466,8456,10.0,Manchester City,MCI,Man City,manchester united,81.25,England,Premier League,Manchester United - England - Premier League.png
3467,8668,7.0,Everton,EVE,Everton,everton,100.0,England,Premier League,Everton FC - England - Premier League.png
3468,8655,3.0,Blackburn Rovers,BLB,Blackburn,caykur rizespor,48.275862068965516,Türkiye,Süper Lig,Caykur Rizespor - Türkiye - Süper Lig.png
3469,8549,12.0,Middlesbrough,MID,Middlesbrough,if elfsborg,50.0,Sweden,Allsvenskan,IF Elfsborg - Sweden - Allsvenskan.png
3470,8586,18.0,Tottenham Hotspur,TOT,Spurs,tottenham hotspur,100.0,England,Premier League,Tottenham Hotspur - England - Premier League.png
3471,8559,4.0,Bolton Wanderers,BOL,Bolton,wolverhampton wanderers,76.92307692307692,England,Premier League,Wolverhampton Wanderers - England - Premier League.png
3472,10194,1806.0,Stoke City,STK,Stoke City,leicester city,66.66666666666667,England,Premier League,Leicester City - England - Premier League.png
3473,8667,1952.0,Hull City,HUL,Hull City,almere city,60.0,Netherlands,Eredivisie,Almere City FC - Netherlands - Eredivisie.png
3474,9879,144.0,Fulham,FUL,Fulham,fulham,100.0,England,Premier League,Fulham FC - England - Premier League.png
3475,8455,5.0,Chelsea,CHE,Chelsea,chelsea,100.0,England,Premier League,Chelsea FC - England - Premier League.png
3476,8462,1790.0,Portsmouth,POR,Portsmouth,porto,66.66666666666667,Portugal,Liga Portugal,FC Porto - Portugal - Liga Portugal.png
4218,8658,88.0,Birmingham City,BIR,Birmingham,man city,60.86956521739131,England,Premier League,Man City - England - Premier League.png
4225,8602,110.0,Wolverhampton Wanderers,WOL,Wolves,wolverhampton wanderers,100.0,England,Premier League,Wolverhampton Wanderers - England - Premier League.png
4234,8191,1796.0,Burnley,BUR,Burnley,burnley,100.0,England,Premier League,Burnley - England - Premier League.png
4996,8483,1926.0,Blackpool,BLA,Blackpool,liverpool,62.5,England,Premier League,Liverpool FC - England - Premier League.png
5744,10003,1960.0,Swansea City,SWA,Swansea,man city,70.0,England,Premier League,Man City - England - Premier League.png
5747,10172,15.0,Queens Park Rangers,QPR,QPR,sparta prague,56.25,Czech Republic,Chance Liga,AC Sparta Prague - Czech Republic - Chance Liga.png
5756,9850,1792.0,Norwich City,NOR,Norwich,norwich,73.6842105263158,England,Premier League,Norwich - England - Premier League.png
6504,8466,17.0,Southampton,SOU,Southampton,southampton,100.0,England,Premier League,Southampton FC - England - Premier League.png
6509,9798,1793.0,Reading,REA,Reading,r seraing,75.0,Belgium,Jupiler Pro League,RFC Seraing - Belgium - Jupiler Pro League.png
7261,9826,1799.0,Crystal Palace,CRY,Crystal Palace,crystal pale,100.0,England,Premier League,Crystal Palace - England - Premier League.png
7276,8344,1961.0,Cardiff City,CAR,Cardiff,almere city,60.86956521739131,Netherlands,Eredivisie,Almere City FC - Netherlands - Eredivisie.png
8021,8197,95.0,Leicester City,LEI,Leicester,leicester city,100.0,England,Premier League,Leicester City - England - Premier League.png
8779,8678,1943.0,Bournemouth,BOU,Bournemouth,a bournemouth,91.66666666666666,England,Premier League,AFC Bournemouth - England - Premier League.png
8784,9817,1795.0,Watford,WAT,Watford,watford,100.0,England,Premier League,Watford FC - England - Premier League.png
9537,8583,57.0,AJ Auxerre,AUX,AJ Auxerre,aj auxerre,100.0,France,Ligue 1,AJ Auxerre - France - Ligue 1.png
9538,9830,71.0,FC Nantes,NAN,FC Nantes,nantes,100.0,France,Ligue 1,FC Nantes - France - Ligue 1.png
9539,9827,59.0,Girondins de Bordeaux,BOR,G. Bordeaux,g. bordeaux,62.5,France,Ligue 1,G. Bordeaux - France - Ligue 1.png
9540,7819,210.0,SM Caen,CAE,SM Caen,st. gallen,58.82352941176471,Switzerland,Super League,FC St. Gallen - Switzerland - Super League.png
9541,9746,1738.0,Le Havre AC,LEH,AC Le Havre,le havre,100.0,France,Ligue 1,Le Havre AC - France - Ligue 1.png
9542,9831,72.0,OGC Nice,NIC,OGC Nice,ogc nice,100.0,France,Ligue 1,OGC Nice - France - Ligue 1.png
9543,8682,1739.0,Le Mans FC,LEM,Le Mans,lechia gdansk,60.0,Poland,PKO BP Ekstraklasa,Lechia Gdansk - Poland - PKO BP Ekstraklasa.png
9544,8689,217.0,FC Lorient,LOR,FC Lorient,lorient,100.0,France,Ligue 1,FC Lorient - France - Ligue 1.png
9545,9748,66.0,Olympique Lyonnais,LYO,Olympique Lyon,olympique lyon,87.5,France,Ligue 1,Olympique Lyon - France - Ligue 1.png
9546,9941,1809.0,Toulouse FC,TOU,Toulouse,toulouse,100.0,France,Ligue 1,FC Toulouse - France - Ligue 1.png
9547,9829,69.0,AS Monaco,MON,Monaco,as mono,100.0,France,Ligue 1,AS Monaco - France - Ligue 1.png
9548,9847,73.0,Paris Saint-Germain,PSG,Paris SG,paris saintgermain,100.0,France,Ligue 1,Paris Saint-Germain - France - Ligue 1.png
9549,8481,1823.0,AS Nancy-Lorraine,NAN,AS Nancy,paris saintgermain,52.94117647058824,France,Ligue 1,Paris Saint-Germain - France - Ligue 1.png
9550,8639,65.0,LOSC Lille,LIL,LOSC Lille,lo lille,100.0,France,Ligue 1,LOSC Lille - France - Ligue 1.png
9551,9851,74.0,Stade Rennais FC,REN,Stade Rennais,stade rennais,100.0,France,Ligue 1,Stade Rennais - France - Ligue 1.png
9552,8592,219.0,Olympique de Marseille,MAR,Marseille,olympique marseille,92.6829268292683,France,Ligue 1,Olympique Marseille - France - Ligue 1.png
9553,9874,226.0,FC Sochaux-Montbéliard,SOC,FC Sochaux,montpellier,55.172413793103445,France,Ligue 1,Montpellier - France - Ligue 1.png
9554,9855,1805.0,Grenoble Foot 38,GRE,,clermont foot 63,56.25,France,Ligue 1,Clermont Foot 63 - France - Ligue 1.png
9555,9873,110456.0,Valenciennes FC,VAL,Valenciennes FC,valencia,70.0,Spain,LaLiga,Valencia - Spain - LaLiga.png
9556,9853,1819.0,AS Saint-Étienne,ETI,Saint-Étienne,as saintetienne,100.0,France,Ligue 1,AS Saint-Étienne - France - Ligue 1.png
10300,8588,64.0,RC Lens,LEN,Lens,rc lens,100.0,France,Ligue 1,RC Lens - France - Ligue 1.png
10309,10249,70.0,Montpellier Hérault SC,MON,Montpellier,montpellier,73.33333333333334,France,Ligue 1,Montpellier - France - Ligue 1.png
10312,4170,111376.0,US Boulogne Cote D'Opale,BOU,,sv zulte waregem,44.99999999999999,Belgium,Jupiler Pro League,SV Zulte Waregem - Belgium - Jupiler Pro League.png
11074,108893,111989.0,AC Arles-Avignon,ARL,,livingston,54.54545454545454,Scotland,Scottish Premiership,Livingston FC - Scotland - Scottish Premiership.png
11076,8521,378.0,Stade Brestois 29,BRE,Stade Brest 29,stade brestois 29,100.0,France,Ligue 1,Stade Brestois 29 - France - Ligue 1.png
11817,8576,614.0,AC Ajaccio,AJA,,ajcio,100.0,France,Ligue 1,AC Ajaccio - France - Ligue 1.png
11822,4087,111271.0,Évian Thonon Gaillard FC,ETG,,aston villa,56.25,England,Premier League,Aston Villa - England - Premier League.png
11825,9836,110569.0,Dijon FCO,DIJ,Dijon,sion,54.54545454545454,Switzerland,Super League,FC Sion - Switzerland - Super League.png
12587,9837,379.0,Stade de Reims,REI,Reims,stade rennais,74.07407407407408,France,Ligue 1,Stade Rennais - France - Ligue 1.png
12594,7794,58.0,SC Bastia,BAS,SC Bastia,boavista,71.42857142857143,Portugal,Liga Portugal,Boavista FC - Portugal - Liga Portugal.png
12595,10242,294.0,ES Troyes AC,TRO,Troyes,est troyes,94.73684210526316,France,Ligue 1,ESTAC Troyes - France - Ligue 1.png
13343,9747,62.0,En Avant de Guingamp,GUI,Guingamp,levante ud,53.333333333333336,Spain,LaLiga,Levante UD - Spain - LaLiga.png
14106,8550,68.0,FC Metz,MET,FC Metz,metz,100.0,France,Ligue 1,FC Metz - France - Ligue 1.png
14868,8121,1530.0,Angers SCO,ANG,SCO Angers,angers o,100.0,France,Ligue 1,Angers SCO - France - Ligue 1.png
14876,6391,110316.0,GFC Ajaccio,GAJ,,ajcio,83.33333333333334,France,Ligue 1,AC Ajaccio - France - Ligue 1.png
15617,9823,21.0,FC Bayern Munich,BMU,Bayern Munich,bayern munich,100.0,Germany,Bundesliga,Bayern Munich - Germany - Bundesliga.png
15618,9790,28.0,Hamburger SV,HAM,Hamburger SV,rangers,52.63157894736843,Scotland,Scottish Premiership,Rangers FC - Scotland - Scottish Premiership.png
15619,8178,32.0,Bayer 04 Leverkusen,LEV,Bay. Leverkusen,bayer 04 leverkusen,100.0,Germany,Bundesliga,Bayer 04 Leverkusen - Germany - Bundesliga.png
15620,9789,22.0,Borussia Dortmund,DOR,Bor. Dortmund,borussia dortmund,100.0,Germany,Bundesliga,Borussia Dortmund - Germany - Bundesliga.png
15621,10189,34.0,FC Schalke 04,S04,FC Schalke 04,halke 04,100.0,Germany,Bundesliga,FC Schalke 04 - Germany - Bundesliga.png
15622,9904,485.0,Hannover 96,HAN,Hannover 96,angers o,52.63157894736843,France,Ligue 1,Angers SCO - France - Ligue 1.png
15623,8721,175.0,VfL Wolfsburg,WOL,VfL Wolfsburg,vfl wolfsburg,100.0,Germany,Bundesliga,VfL Wolfsburg - Germany - Bundesliga.png
15624,8722,31.0,1. FC Köln,FCK,1. FC Köln,1.  koln,100.0,Germany,Bundesliga,1. FC Köln - Germany - Bundesliga.png
15625,9810,1824.0,Eintracht Frankfurt,EFR,E. Frankfurt,eintrht frankfurt,100.0,Germany,Bundesliga,Eintracht Frankfurt - Germany - Bundesliga.png
15626,8177,166.0,Hertha BSC Berlin,HBE,Hertha BSC,hertha b,69.56521739130434,Germany,Bundesliga,Hertha BSC - Germany - Bundesliga.png
15627,9912,159.0,DSC Arminia Bielefeld,BIE,Arm. Bielefeld,arminia bielefeld,94.44444444444444,Germany,Bundesliga,Arminia Bielefeld - Germany - Bundesliga.png
15628,8697,38.0,SV Werder Bremen,WBR,Werder Bremen,sv werder bremen,100.0,Germany,Bundesliga,SV Werder Bremen - Germany - Bundesliga.png
15629,8398,162.0,FC Energie Cottbus,COT,Energie Cottbus,universitatea cluj,48.484848484848484,Romania,SuperLiga,FC Universitatea Cluj - Romania - SuperLiga.png
15630,8226,10029.0,TSG 1899 Hoffenheim,HOF,TSG Hoffenheim,tsg 1899 hoffenheim,100.0,Germany,Bundesliga,TSG 1899 Hoffenheim - Germany - Bundesliga.png
15631,9788,23.0,Borussia Mönchengladbach,GLA,Bor. M'gladbach,borussia monchengladbh,100.0,Germany,Bundesliga,Borussia Mönchengladbach - Germany - Bundesliga.png
15632,10269,36.0,VfB Stuttgart,STU,VfB Stuttgart,vfb stuttgart,100.0,Germany,Bundesliga,VfB Stuttgart - Germany - Bundesliga.png
15633,8295,1832.0,Karlsruher SC,KAR,Karlsruher SC,kas eupen,52.63157894736843,Belgium,Jupiler Pro League,KAS Eupen - Belgium - Jupiler Pro League.png
15634,9911,160.0,VfL Bochum,BOC,VfL Bochum,vfl bochum,100.0,Germany,Bundesliga,VfL Bochum - Germany - Bundesliga.png
16237,8358,25.0,SC Freiburg,FRE,SC Freiburg,freiburg,100.0,Germany,Bundesliga,SC Freiburg - Germany - Bundesliga.png
16239,8165,171.0,1. FC Nürnberg,NUR,1.FC Nuremberg,1. union berlin,59.25925925925925,Germany,Bundesliga,1.FC Union Berlin - Germany - Bundesliga.png
16243,9905,169.0,1. FSV Mainz 05,MAI,1.FSV Mainz 05,1.fsv mainz 05,96.55172413793103,Germany,Bundesliga,1.FSV Mainz 05 - Germany - Bundesliga.png
16848,8350,29.0,1. FC Kaiserslautern,KAI,1.FC K'lautern,1.  koln,53.84615384615385,Germany,Bundesliga,1. FC Köln - Germany - Bundesliga.png
16850,8152,110329.0,FC St. Pauli,STP,,st. pauli,100.0,Germany,Bundesliga,FC St. Pauli - Germany - Bundesliga.png
17465,8406,100409.0,FC Augsburg,AUG,FC Augsburg,augsburg,100.0,Germany,Bundesliga,FC Augsburg - Germany - Bundesliga.png
18074,8194,110636.0,Fortuna Düsseldorf,FDU,,fortuna sittard,60.60606060606061,Netherlands,Eredivisie,Fortuna Sittard - Netherlands - Eredivisie.png
18079,8357,165.0,SpVgg Greuther Fürth,GRF,,greuther furth,82.35294117647058,Germany,Bundesliga,Greuther Fürth - Germany - Bundesliga.png
18691,9776,110500.0,Eintracht Braunschweig,BRA,,eintrht frankfurt,62.857142857142854,Germany,Bundesliga,Eintracht Frankfurt - Germany - Bundesliga.png
19305,8460,10030.0,SC Paderborn 07,PAD,,debreceni v,52.17391304347826,Hungary,Nemzeti Bajnokság,Debreceni VSC - Hungary - Nemzeti Bajnokság.png
19916,8234,111239.0,FC Ingolstadt 04,ING,FC Ingolstadt,hermannstadt,48.0,Romania,SuperLiga,FC Hermannstadt - Romania - SuperLiga.png
19917,8262,110502.0,SV Darmstadt 98,DAR,,sv darmstadt 98,100.0,Germany,Bundesliga,SV Darmstadt 98 - Germany - Bundesliga.png
20513,8524,39.0,Atalanta,ATA,Atalanta,atalanta bc,84.21052631578947,Italy,Serie A,Atalanta BC - Italy - Serie A.png
20514,8551,1838.0,Siena,SIE,Siena,arsenal,66.66666666666667,England,Premier League,Arsenal - England - Premier League.png
20515,8529,1842.0,Cagliari,CAG,Cagliari Calcio,cagliari calcio,69.56521739130434,Italy,Serie A,Cagliari Calcio - Italy - Serie A.png
20516,8543,46.0,Lazio,LAZ,Lazio,lazio,100.0,Italy,Serie A,Lazio - Italy - Serie A.png
20517,8530,110364.0,Catania,CAT,Catania,casa pia,66.66666666666667,Portugal,Liga Portugal,Casa Pia AC - Portugal - Liga Portugal.png
20518,10233,110556.0,Genoa,GEN,Genoa,genoa c,83.33333333333334,Italy,Serie A,Genoa CFC - Italy - Serie A.png
20519,8533,192.0,Chievo Verona,CHI,Chievo Verona,hellas verona,69.23076923076923,Italy,Serie A,Hellas Verona - Italy - Serie A.png
20520,8690,203.0,Reggio Calabria,REG,Reggina,r charleroi,53.84615384615385,Belgium,Jupiler Pro League,R Charleroi SC - Belgium - Jupiler Pro League.png
20521,8535,110374.0,Fiorentina,FIO,Fiorentina,f fiorentina,90.9090909090909,Italy,Serie A,ACF Fiorentina - Italy - Serie A.png
20522,9885,45.0,Juventus,JUV,Juventus,juventus,100.0,Italy,Serie A,Juventus - Italy - Serie A.png
20523,8564,47.0,Milan,ACM,AC Milan,milan,100.0,Italy,Serie A,AC Milan - Italy - Serie A.png
20524,9857,189.0,Bologna,BOL,Bologna,bologna  1909,70.0,Italy,Serie A,Bologna FC 1909 - Italy - Serie A.png
20525,8686,52.0,Roma,ROM,AS Roma,as roma,72.72727272727273,Italy,Serie A,AS Roma - Italy - Serie A.png
20526,9875,48.0,Napoli,NAP,SSC Napoli,s napoli,85.71428571428572,Italy,Serie A,SSC Napoli - Italy - Serie A.png
20527,9882,1837.0,Sampdoria,SAM,Sampdoria,uc sampdoria,85.71428571428572,Italy,Serie A,UC Sampdoria - Italy - Serie A.png
20528,8636,44.0,Inter,INT,Inter,winterthur,66.66666666666667,Switzerland,Super League,FC Winterthur - Switzerland - Super League.png
20529,9804,54.0,Torino,TOR,Torino,torino,100.0,Italy,Serie A,Torino FC - Italy - Serie A.png
20530,9888,347.0,Lecce,LEC,Lecce,us lecce,76.92307692307692,Italy,Serie A,US Lecce - Italy - Serie A.png
20531,8600,55.0,Udinese,UDI,Udinese Calcio,udinese calcio,66.66666666666667,Italy,Serie A,Udinese Calcio - Italy - Serie A.png
20532,8540,1843.0,Palermo,PAL,US Palermo,r charleroi,55.55555555555556,Belgium,Jupiler Pro League,R Charleroi SC - Belgium - Jupiler Pro League.png
21280,9976,1848.0,Bari,BAR,Bari,bayern,60.0,Germany,Bundesliga,FC Bayern - Germany - Bundesliga.png
21285,8537,1844.0,Livorno,LIV,AS Livorno,liverpool,62.5,England,Premier League,Liverpool FC - England - Premier League.png
21292,10167,50.0,Parma,PAR,Parma,spartak,66.66666666666667,Serbia,Super liga Srbije,Spartak - Serbia - Super liga Srbije.png
22042,9880,110915.0,Cesena,CES,RC Cesena,chelsea,76.92307692307692,England,Premier League,Chelsea FC - England - Premier League.png
22044,9858,190.0,Brescia,BRE,Brescia,n breda,66.66666666666667,Netherlands,Eredivisie,NAC Breda - Netherlands - Eredivisie.png
22805,6269,112225.0,Novara,NOV,Novara,nk varazdin,58.82352941176471,Croatia,SuperSport HNL,NK Varazdin - Croatia - SuperSport HNL.png
23523,9878,200.0,Pescara,PES,Pescara,spartak,66.66666666666667,Serbia,Super liga Srbije,Spartak - Serbia - Super liga Srbije.png
24273,9876,206.0,Hellas Verona,VER,Hellas Verona,hellas verona,100.0,Italy,Serie A,Hellas Verona - Italy - Serie A.png
24288,7943,111974.0,Sassuolo,SAS,Sassuolo,us sassuolo,84.21052631578947,Italy,Serie A,US Sassuolo - Italy - Serie A.png
25048,8534,1746.0,Empoli,EMP,FC Empoli,empoli,100.0,Italy,Serie A,FC Empoli - Italy - Serie A.png
25791,9891,111657.0,Frosinone,FRO,,frosinone calcio,72.0,Italy,Serie A,Frosinone Calcio - Italy - Serie A.png
25804,208931,112409.0,Carpi,CAP,,casa pia,61.53846153846154,Portugal,Liga Portugal,Casa Pia AC - Portugal - Liga Portugal.png
26547,8277,1909.0,Vitesse,VIT,Vitesse,vitesse arnhem,66.66666666666667,Netherlands,Eredivisie,Vitesse Arnhem - Netherlands - Eredivisie.png
26548,8674,1915.0,FC Groningen,GRO,FC Groningen,groningen,100.0,Netherlands,Eredivisie,FC Groningen - Netherlands - Eredivisie.png
26549,9803,1902.0,Roda JC Kerkrade,ROD,Roda JC,red star belgrade,54.54545454545454,Serbia,Super liga Srbije,Red Star Belgrade - Serbia - Super liga Srbije.png
26550,8611,1908.0,FC Twente,TWE,FC Twente,twente enhede,63.1578947368421,Netherlands,Eredivisie,Twente Enschede FC - Netherlands - Eredivisie.png
26551,8525,1907.0,Willem II,WII,Willem II,willem ii,100.0,Netherlands,Eredivisie,Willem II - Netherlands - Eredivisie.png
26552,8593,245.0,Ajax,AJA,AFC Ajax,ajax,100.0,Netherlands,Eredivisie,Ajax - Netherlands - Eredivisie.png
26553,8464,1910.0,N.E.C.,NEC,NEC Nijmegen,fenerbahce,37.5,Türkiye,Süper Lig,Fenerbahce - Türkiye - Süper Lig.png
26554,8526,635.0,De Graafschap,GRA,De Graafschap,granada cf,47.61904761904761,Spain,LaLiga,Granada CF - Spain - LaLiga.png
26555,9908,1903.0,FC Utrecht,UTR,FC Utrecht,utrecht,100.0,Netherlands,Eredivisie,FC Utrecht - Netherlands - Eredivisie.png
26556,8640,247.0,PSV,PSV,PSV Eindhoven,paksi,50.0,Hungary,Nemzeti Bajnokság,Paksi FC - Hungary - Nemzeti Bajnokság.png
26557,9791,100634.0,Heracles Almelo,HER,,herles almelo,100.0,Netherlands,Eredivisie,Heracles Almelo - Netherlands - Eredivisie.png
26558,10235,246.0,Feyenoord,FEY,Feyenoord,feyenoord,100.0,Netherlands,Eredivisie,Feyenoord - Netherlands - Eredivisie.png
26559,8614,100646.0,Sparta Rotterdam,SPA,Sparta R.,sparta rotterdam,100.0,Netherlands,Eredivisie,Sparta Rotterdam - Netherlands - Eredivisie.png
26560,10217,650.0,ADO Den Haag,HAA,,copenhagen,54.54545454545454,Denmark,Superliga,FC Copenhagen - Denmark - Superliga.png
26561,6601,,FC Volendam,VOL,,volendam,100.0,Netherlands,Eredivisie,FC Volendam - Netherlands - Eredivisie.png
26562,10228,1913.0,SC Heerenveen,HEE,Heerenveen,heerenveen,100.0,Netherlands,Eredivisie,Heerenveen - Netherlands - Eredivisie.png
26563,10229,1906.0,AZ,ALK,AZ Alkmaar,lazio,57.14285714285714,Italy,Serie A,Lazio - Italy - Serie A.png
26564,9761,1904.0,NAC Breda,NAC,,n breda,100.0,Netherlands,Eredivisie,NAC Breda - Netherlands - Eredivisie.png
27161,10219,1905.0,RKC Waalwijk,RKC,RKC Waalwijk,rkc waalwijk,100.0,Netherlands,Eredivisie,RKC Waalwijk - Netherlands - Eredivisie.png
27168,9839,100651.0,VVV-Venlo,VEN,VVV-Venlo,vizela,42.85714285714286,Portugal,Liga Portugal,FC Vizela - Portugal - Liga Portugal.png
27780,10218,1971.0,Excelsior,EXC,,excelsior rotterdam,64.28571428571428,Netherlands,Eredivisie,Excelsior Rotterdam - Netherlands - Eredivisie.png
29000,6413,1914.0,PEC Zwolle,ZWO,,pec zwolle,100.0,Netherlands,Eredivisie,PEC Zwolle - Netherlands - Eredivisie.png
29617,7788,647.0,SC Cambuur,CAM,,cambuur,100.0,Netherlands,Eredivisie,SC Cambuur - Netherlands - Eredivisie.png
29624,6433,100632.0,Go Ahead Eagles,GAE,,go ahead eagles,100.0,Netherlands,Eredivisie,Go Ahead Eagles - Netherlands - Eredivisie.png
30222,6631,100626.0,FC Dordrecht,DOR,,r anderlecht,66.66666666666667,Belgium,Jupiler Pro League,RSC Anderlecht - Belgium - Jupiler Pro League.png
31443,10265,1873.0,Wisła Kraków,WIS,Wisla Kraków,wisla krakow,95.65217391304348,Poland,PKO BP Ekstraklasa,Wisla Kraków - Poland - PKO BP Ekstraklasa.png
31444,8031,111429.0,Polonia Bytom,POB,Pol. Warsaw,polissya zhytomyr,66.66666666666667,Ukraine,Premier Liga,Polissya Zhytomyr - Ukraine - Premier Liga.png
31445,8020,111429.0,Polonia Bytom,POB,Pol. Warsaw,polissya zhytomyr,66.66666666666667,Ukraine,Premier Liga,Polissya Zhytomyr - Ukraine - Premier Liga.png
31446,1601,874.0,Ruch Chorzów,CHO,,ruch chorzow,100.0,Poland,PKO BP Ekstraklasa,Ruch Chorzow - Poland - PKO BP Ekstraklasa.png
31447,8673,1871.0,Legia Warszawa,LEG,Legia Warszawa,legia warszawa,100.0,Poland,PKO BP Ekstraklasa,Legia Warszawa - Poland - PKO BP Ekstraklasa.png
31448,2183,1570.0,P. Warszawa,PWA,Pol. Warsaw,legia warszawa,72.0,Poland,PKO BP Ekstraklasa,Legia Warszawa - Poland - PKO BP Ekstraklasa.png
31449,8025,111092.0,Śląsk Wrocław,SLA,,slask wroclaw,96.0,Poland,PKO BP Ekstraklasa,Slask Wroclaw - Poland - PKO BP Ekstraklasa.png
31450,8030,111091.0,Lechia Gdańsk,LGD,,lechia gdansk,100.0,Poland,PKO BP Ekstraklasa,Lechia Gdansk - Poland - PKO BP Ekstraklasa.png
31451,8244,301.0,Widzew Łódź,LOD,,widzew lodz,95.23809523809523,Poland,PKO BP Ekstraklasa,Widzew Lodz - Poland - PKO BP Ekstraklasa.png
31452,8242,1564.0,Odra Wodzisław,ODR,,admira wker modling,50.0,Austria,Bundesliga,FC Admira Wacker Mödling - Austria - Bundesliga.png
31453,2182,873.0,Lech Poznań,POZ,Lech Poznan,lech poznan,100.0,Poland,PKO BP Ekstraklasa,Lech Poznan - Poland - PKO BP Ekstraklasa.png
31454,8569,110744.0,GKS Bełchatów,BEL,,gks katowice,66.66666666666667,Poland,PKO BP Ekstraklasa,GKS Katowice - Poland - PKO BP Ekstraklasa.png
31455,8322,111082.0,Arka Gdynia,ARK,,casa pia,52.63157894736843,Portugal,Liga Portugal,Casa Pia AC - Portugal - Liga Portugal.png
31456,1957,110745.0,Jagiellonia Białystok,BIA,,jagiellonia bialystok,97.5609756097561,Poland,PKO BP Ekstraklasa,Jagiellonia Bialystok - Poland - PKO BP Ekstraklasa.png
31457,8028,111086.0,Piast Gliwice,PIG,,piast gliwice,100.0,Poland,PKO BP Ekstraklasa,Piast Gliwice - Poland - PKO BP Ekstraklasa.png
31458,2186,110747.0,Cracovia,CKR,,crovia,100.0,Poland,PKO BP Ekstraklasa,Cracovia - Poland - PKO BP Ekstraklasa.png
31925,8245,111083.0,Korona Kielce,KKI,,korona kielce,100.0,Poland,PKO BP Ekstraklasa,Korona Kielce - Poland - PKO BP Ekstraklasa.png
31928,8021,110749.0,Zagłębie Lubin,ZAG,,zaglebie lubin,96.2962962962963,Poland,PKO BP Ekstraklasa,Zaglebie Lubin - Poland - PKO BP Ekstraklasa.png
32409,8024,301.0,Widzew Łódź,WID,,widzew lodz,95.23809523809523,Poland,PKO BP Ekstraklasa,Widzew Lodz - Poland - PKO BP Ekstraklasa.png
32891,8033,111087.0,Podbeskidzie Bielsko-Biała,POD,,odense bk,48.484848484848484,Denmark,Superliga,Odense BK - Denmark - Superliga.png
33377,8023,110746.0,Pogoń Szczecin,POG,,pogon szczecin,100.0,Poland,PKO BP Ekstraklasa,Pogon Szczecin - Poland - PKO BP Ekstraklasa.png
33855,8027,112512.0,Zawisza Bydgoszcz,ZAW,,wisla plock,50.0,Poland,PKO BP Ekstraklasa,Wisla Plock - Poland - PKO BP Ekstraklasa.png
34337,8019,110565.0,Górnik Łęczna,LEC,,gornik leczna,96.0,Poland,PKO BP Ekstraklasa,Gornik Leczna - Poland - PKO BP Ekstraklasa.png
34816,177361,,Termalica Bruk-Bet Nieciecza,TBN,,termalica,50.0,Poland,PKO BP Ekstraklasa,Termalica - Poland - PKO BP Ekstraklasa.png
35283,9773,236.0,FC Porto,POR,FC Porto,porto,100.0,Portugal,Liga Portugal,FC Porto - Portugal - Liga Portugal.png
35284,9807,1889.0,CF Os Belenenses,BEL,Belenenses,belenenses sad,66.66666666666667,Portugal,Liga Portugal,Belenenses SAD - Portugal - Liga Portugal.png
35285,9768,237.0,Sporting CP,SCP,Sporting CP,sporting cp,100.0,Portugal,Liga Portugal,Sporting CP - Portugal - Liga Portugal.png
35286,7992,,Trofense,TRO,,farense,66.66666666666667,Portugal,Liga Portugal,SC Farense - Portugal - Liga Portugal.png
35287,7844,1887.0,Vitória Guimarães,GUI,Vit. Guimarães,vit. guimaraes,83.87096774193549,Portugal,Liga Portugal,Vit. Guimarães - Portugal - Liga Portugal.png
35288,10238,665.0,Vitória Setúbal,SET,Vitória Setúbal,viktoria plzen,62.06896551724138,Czech Republic,Chance Liga,FC Viktoria Plzen - Czech Republic - Chance Liga.png
35289,6403,1892.0,FC Paços de Ferreira,FER,Paços Ferreira,pos de ferreira,100.0,Portugal,Liga Portugal,FC Paços de Ferreira - Portugal - Liga Portugal.png
35290,10264,1896.0,SC Braga,BRA,Braga,braga,100.0,Portugal,Liga Portugal,SC Braga - Portugal - Liga Portugal.png
35291,10213,,Amadora,AMA,,uc sampdoria,63.1578947368421,Italy,Serie A,UC Sampdoria - Italy - Serie A.png
35292,10215,1901.0,Académica de Coimbra,ACA,Coimbra,radomiak radom,56.25,Poland,PKO BP Ekstraklasa,Radomiak Radom - Poland - PKO BP Ekstraklasa.png
35293,7841,744.0,Rio Ave FC,RA,Rio Ave FC,rio ave,100.0,Portugal,Liga Portugal,Rio Ave FC - Portugal - Liga Portugal.png
35294,9772,234.0,SL Benfica,BEN,Benfica,sl benfica,100.0,Portugal,Liga Portugal,SL Benfica - Portugal - Liga Portugal.png
35295,6421,10018.0,Leixões SC,LEI,,olympios,53.333333333333336,Greece,Super League 1,Olympiacos - Greece - Super League 1.png
35296,10214,1891.0,CD Nacional,NAC,Nacional,cd nional,100.0,Portugal,Liga Portugal,CD Nacional - Portugal - Liga Portugal.png
35297,9809,100737.0,Naval 1° de Maio,NAV,,atletico de madrid,54.54545454545454,Spain,LaLiga,Atlético de Madrid - Spain - LaLiga.png
35298,10212,1893.0,CS Marítimo,MAR,Marítimo,cs maritimo,100.0,Portugal,Liga Portugal,CS Marítimo - Portugal - Liga Portugal.png
35769,9771,1895.0,"União de Leiria, SAD",ULE,Leiria,ud almeria,55.172413793103445,Spain,LaLiga,UD Almería - Spain - LaLiga.png
35774,2033,111540.0,S.C. Olhanense,OLH,,st. johnstone,59.25925925925925,Scotland,Scottish Premiership,St. Johnstone - Scotland - Scottish Premiership.png
36248,9765,,Portimonense,POR,Portimonense,portimonense,100.0,Portugal,Liga Portugal,Portimonense - Portugal - Liga Portugal.png
36253,10211,1897.0,SC Beira Mar,B-M,,real madrid,60.0,Spain,LaLiga,Real Madrid - Spain - LaLiga.png
36723,4064,,Feirense,FEI,Feirense,farense,80.0,Portugal,Liga Portugal,SC Farense - Portugal - Liga Portugal.png
36735,9764,1888.0,Gil Vicente FC,GV,,gil vicente,100.0,Portugal,Liga Portugal,Gil Vicente FC - Portugal - Liga Portugal.png
37210,8348,1900.0,Moreirense FC,MOR,Morelia,moreirense,100.0,Portugal,Liga Portugal,Moreirense FC - Portugal - Liga Portugal.png
37214,7842,10020.0,Estoril Praia,EST,,estoril praia,100.0,Portugal,Liga Portugal,Estoril Praia - Portugal - Liga Portugal.png
37696,158085,112513.0,FC Arouca,ARO,,arouca,100.0,Portugal,Liga Portugal,FC Arouca - Portugal - Liga Portugal.png
38173,6547,100741.0,FC Penafiel,PEN,,copenhagen,55.55555555555556,Denmark,Superliga,FC Copenhagen - Denmark - Superliga.png
38176,8613,1898.0,Boavista FC,BOA,Boavista,boavista,100.0,Portugal,Liga Portugal,Boavista FC - Portugal - Liga Portugal.png
38789,6367,,Uniao da Madeira,MAD,,puskas akademia,58.06451612903225,Hungary,Nemzeti Bajnokság,Puskás Akadémia FC - Hungary - Nemzeti Bajnokság.png
38791,188163,,Tondela,TON,,cd tondela,82.35294117647058,Portugal,Liga Portugal,CD Tondela - Portugal - Liga Portugal.png
39387,8596,79.0,Falkirk,FAL,,paksi,50.0,Hungary,Nemzeti Bajnokság,Paksi FC - Hungary - Nemzeti Bajnokság.png
39388,8548,86.0,Rangers,RAN,Rangers,rangers,100.0,Scotland,Scottish Premiership,Rangers FC - Scotland - Scottish Premiership.png
39389,9860,80.0,Heart of Midlothian,HEA,Heart of Midl.,heart of midlothian,100.0,Scotland,Scottish Premiership,Heart of Midlothian FC - Scotland - Scottish Premiership.png
39390,9927,83.0,Motherwell,MOT,Motherwell FC,motherwell,100.0,Scotland,Scottish Premiership,Motherwell FC - Scotland - Scottish Premiership.png
39391,8597,82.0,Kilmarnock,KIL,,kilmarnock,100.0,Scotland,Scottish Premiership,Kilmarnock FC - Scotland - Scottish Premiership.png
39392,10251,81.0,Hibernian,HIB,Hibernian FC,hibernian,100.0,Scotland,Scottish Premiership,Hibernian FC - Scotland - Scottish Premiership.png
39393,8485,77.0,Aberdeen,ABE,,aberdeen,100.0,Scotland,Scottish Premiership,Aberdeen FC - Scotland - Scottish Premiership.png
39394,8066,620.0,Inverness Caledonian Thistle,INV,,nk veres rivne,47.61904761904761,Ukraine,Premier Liga,NK Veres Rivne - Ukraine - Premier Liga.png
39395,9925,78.0,Celtic,CEL,Celtic,celtic,100.0,Scotland,Scottish Premiership,Celtic FC - Scotland - Scottish Premiership.png
39396,9800,100805.0,St. Mirren,MIR,,st. mirren,100.0,Scotland,Scottish Premiership,St. Mirren FC - Scotland - Scottish Premiership.png
39397,8429,184.0,Hamilton Academical FC,HAM,Hamilton Acad.,atletico de madrid,51.42857142857142,Spain,LaLiga,Atlético de Madrid - Spain - LaLiga.png
39398,9938,181.0,Dundee United,DUU,,dundee united,100.0,Scotland,Scottish Premiership,Dundee United FC - Scotland - Scottish Premiership.png
39853,8467,100804.0,St. Johnstone FC,JOH,,st. johnstone,100.0,Scotland,Scottish Premiership,St. Johnstone - Scotland - Scottish Premiership.png
40757,8457,182.0,Dunfermline Athletic,DUN,,athletic,57.14285714285714,Spain,LaLiga,Athletic - Spain - LaLiga.png
41216,8284,180.0,Dundee FC,DUF,Dundee FC,dundee united,63.1578947368421,Scotland,Scottish Premiership,Dundee United FC - Scotland - Scottish Premiership.png
41217,8649,631.0,Ross County FC,ROS,,ross county,100.0,Scotland,Scottish Premiership,Ross County FC - Scotland - Scottish Premiership.png
41673,8426,1754.0,Partick Thistle F.C.,PAR,,fk spartak subotica,46.15384615384615,Serbia,Super liga Srbije,FK Spartak Subotica - Serbia - Super liga Srbije.png
43035,10267,461.0,Valencia CF,VAL,Valencia CF,valencia,84.21052631578947,Spain,LaLiga,Valencia - Spain - LaLiga.png
43036,8661,453.0,RCD Mallorca,MAL,RCD Mallorca,rcd mallorca,100.0,Spain,LaLiga,RCD Mallorca - Spain - LaLiga.png
43037,8371,479.0,CA Osasuna,OSA,CA Osasuna,ca osasuna,100.0,Spain,LaLiga,CA Osasuna - Spain - LaLiga.png
43038,10205,483.0,Villarreal CF,VIL,Villarreal CF,villarreal cf,100.0,Spain,LaLiga,Villarreal CF - Spain - LaLiga.png
43039,9783,242.0,RC Deportivo de La Coruña,COR,Dep. La Coruña,deportivo alaves,58.53658536585367,Spain,LaLiga,Deportivo Alavés - Spain - LaLiga.png
43040,8633,243.0,Real Madrid CF,REA,Real Madrid,real madrid,88.0,Spain,LaLiga,Real Madrid - Spain - LaLiga.png
43041,8388,477.0,CD Numancia,NUM,,rcd mallorca,60.86956521739131,Spain,LaLiga,RCD Mallorca - Spain - LaLiga.png
43042,8634,241.0,FC Barcelona,BAR,FC Barcelona,barcelona,100.0,Spain,LaLiga,Barcelona - Spain - LaLiga.png
43043,8696,456.0,Racing Santander,SAN,Racing,randers,57.14285714285714,Denmark,Superliga,Randers FC - Denmark - Superliga.png
43044,8302,481.0,Sevilla FC,SEV,Sevilla FC,sevilla,100.0,Spain,LaLiga,Sevilla FC - Spain - LaLiga.png
43045,9869,459.0,Real Sporting de Gijón,SPG,Sporting Gijón,sporting cp,54.54545454545454,Portugal,Liga Portugal,Sporting CP - Portugal - Liga Portugal.png
43046,8305,1860.0,Getafe CF,GET,Getafe CF,getafe cf,100.0,Spain,LaLiga,Getafe CF - Spain - LaLiga.png
43047,8603,449.0,Real Betis Balompié,BET,Real Betis,real betis balompie,100.0,Spain,LaLiga,Real Betis Balompié - Spain - LaLiga.png
43048,8479,571.0,RC Recreativo,HUE,Recr. Huelva,r seraing,54.54545454545454,Belgium,Jupiler Pro League,RFC Seraing - Belgium - Jupiler Pro League.png
43049,8558,452.0,RCD Espanyol,ESP,Espanyol,espanyol,80.0,Spain,LaLiga,Espanyol - Spain - LaLiga.png
43050,10281,462.0,Real Valladolid,VAL,Real Valladolid,real valladolid cf,90.9090909090909,Spain,LaLiga,Real Valladolid CF - Spain - LaLiga.png
43051,8315,448.0,Athletic Club de Bilbao,BIL,Athletic Bilbao,athletic bilbao,78.94736842105263,Spain,LaLiga,Athletic Bilbao - Spain - LaLiga.png
43052,9865,1861.0,UD Almería,ALM,UD Almería,ud almeria,100.0,Spain,LaLiga,UD Almería - Spain - LaLiga.png
43053,9906,240.0,Atlético Madrid,AMA,Atlético Madrid,atletico de madrid,90.9090909090909,Spain,LaLiga,Atlético de Madrid - Spain - LaLiga.png
43054,9864,573.0,Málaga CF,MAL,Málaga CF,granada cf,63.1578947368421,Spain,LaLiga,Granada CF - Spain - LaLiga.png
43800,9868,1742.0,Xerez Club Deportivo,XER,,deportivo alaves,50.0,Spain,LaLiga,Deportivo Alavés - Spain - LaLiga.png
43803,8394,244.0,Real Zaragoza,ZAR,Real Zaragoza,real madrid,58.33333333333333,Spain,LaLiga,Real Madrid - Spain - LaLiga.png
43804,9867,260.0,CD Tenerife,TEN,CD Tenerife,cd tondela,57.14285714285714,Portugal,Liga Portugal,CD Tondela - Portugal - Liga Portugal.png
44557,10278,100879.0,Hércules Club de Fútbol,HER,Hércules CF,herles almelo,55.55555555555556,Netherlands,Eredivisie,Heracles Almelo - Netherlands - Eredivisie.png
44565,8581,1853.0,Levante UD,LEV,Levante UD,levante ud,100.0,Spain,LaLiga,Levante UD - Spain - LaLiga.png
44569,8560,457.0,Real Sociedad,SOC,Real Sociedad,real sociedad,100.0,Spain,LaLiga,Real Sociedad - Spain - LaLiga.png
45330,7878,110832.0,Granada CF,GRA,Granada CF,granada cf,100.0,Spain,LaLiga,Granada CF - Spain - LaLiga.png
45333,8370,480.0,Rayo Vallecano,RAY,Rayo Vallecano,rayo vallecano,100.0,Spain,LaLiga,Rayo Vallecano - Spain - LaLiga.png
46087,9910,450.0,RC Celta de Vigo,CEL,Celta de Vigo,celta de vigo,89.65517241379311,Spain,LaLiga,Celta de Vigo - Spain - LaLiga.png
46848,10268,468.0,Elche CF,ELC,Elche CF,elche cf,100.0,Spain,LaLiga,Elche CF - Spain - LaLiga.png
47605,8372,467.0,SD Eibar,EIB,SD Eibar,sl benfica,55.55555555555556,Portugal,Liga Portugal,SL Benfica - Portugal - Liga Portugal.png
47612,7869,1867.0,Córdoba CF,COR,,granada cf,60.0,Spain,LaLiga,Granada CF - Spain - LaLiga.png
48358,8306,472.0,UD Las Palmas,LAS,UD Las Palmas,ud las palmas,100.0,Spain,LaLiga,UD Las Palmas - Spain - LaLiga.png
49115,9956,322.0,Grasshopper Club Zürich,GRA,Grasshoppers,grasshopper club zurich,100.0,Switzerland,Super League,Grasshopper Club Zurich - Switzerland - Super League.png
49116,6493,1714.0,AC Bellinzona,BEL,,barcelona,63.1578947368421,Spain,LaLiga,Barcelona - Spain - LaLiga.png
49117,10192,900.0,BSC Young Boys,YB,BSC Young Boys,b young boys,100.0,Switzerland,Super League,BSC Young Boys - Switzerland - Super League.png
49118,9931,896.0,FC Basel,BAS,FC Basel,basel 1893,66.66666666666667,Switzerland,Super League,FC Basel 1893 - Switzerland - Super League.png
49119,9930,434.0,FC Aarau,AAR,,uta arad,61.53846153846154,Romania,SuperLiga,UTA Arad - Romania - SuperLiga.png
49120,10179,110770.0,FC Sion,SIO,FC Sion,sion,100.0,Switzerland,Super League,FC Sion - Switzerland - Super League.png
49121,10199,897.0,FC Luzern,LUZ,,luzern,100.0,Switzerland,Super League,FC Luzern - Switzerland - Super League.png
49122,9824,286.0,FC Vaduz,VAD,,cadiz cf,46.15384615384615,Spain,LaLiga,Cádiz CF - Spain - LaLiga.png
49123,7955,435.0,Neuchâtel Xamax,XAM,Neuchâtel Xamax,cf estrela amadora,48.484848484848484,Portugal,Liga Portugal,CF Estrela Amadora - Portugal - Liga Portugal.png
49124,10243,894.0,FC Zürich,ZUR,FC Zürich,zurich,100.0,Switzerland,Super League,FC Zürich - Switzerland - Super League.png
49479,10190,898.0,FC St. Gallen,GAL,FC St. Gallen,st. gallen,100.0,Switzerland,Super League,FC St. Gallen - Switzerland - Super League.png
49837,10191,1715.0,FC Thun,THU,,oh leuven,46.15384615384615,Belgium,Jupiler Pro League,OH Leuven - Belgium - Jupiler Pro League.png
50201,9777,324.0,Servette FC,SER,Servette FC,servette,100.0,Switzerland,Super League,Servette FC - Switzerland - Super League.png
50204,7730,1862.0,FC Lausanne-Sports,,,lausannesport,96.2962962962963,Switzerland,Super League,FC Lausanne-Sport - Switzerland - Super League.png
51606,7896,,Lugano,LUG,FC Lugano,lazio,54.54545454545454,Italy,Serie A,Lazio - Italy - Serie A.png
